{
    "accuracy": 0.9543245869776482,
    "precision": 0.9552614075887769,
    "recall": 0.9543245869776482,
    "f1_score": 0.9500164348134059
}