{
    "accuracy": 0.9620991253644315,
    "precision": 0.9609634863371178,
    "recall": 0.9620991253644315,
    "f1_score": 0.961176794243898
}