{
    "accuracy": 0.9650145772594753,
    "precision": 0.9639998697334932,
    "recall": 0.9650145772594753
}
